N, T1, Tp, p
1000, 0.01, 0.00378, 3
1000, 0.01, 0.00378, 3
1000, 0.01, 0.00378, 3
1000, 0.01, 0.00378, 3
1000, 0.01, 0.00378, 3
1000, 0.01, 0.00378, 3
1000, 0.01, 0.00378, 3
1000, 0.01, 0.00378, 3
1000, 0.01, 0.00378, 3
1000, 0.01, 0.00378, 3
1000, 0.01, 0.00378, 3
1000, 0.01, 0.00378, 3
1000, 0.01, 0.00378, 3
1000, 0.01, 0.00378, 3
1000, 0.01, 0.00378, 3
1000, 0.01, 0.00378, 3
