Blocksize, Time
16, 2.76429
64, 1.74742
256, 2.11066
1024, 4.43238
