Blocksize, Time
4, 0.989664
8, 0.93728
16, 1.91235
32, 2.72262
64, 0.007168
128, 0.0072
256, 0.006944
512, 0.007104
1024, 0.007232
