Blocksize, Time
4, 1.00125
8, 0.934048
16, 1.91798
256, 0.007872
64, 0.006656
128, 0.006144
32, 2.73011
